-- Adminer 4.7.6 MySQL dump

SET NAMES utf8;
SET time_zone = '+00:00';
SET foreign_key_checks = 0;
SET sql_mode = 'NO_AUTO_VALUE_ON_ZERO';

DROP TABLE IF EXISTS `doctrine_migration_versions`;
CREATE TABLE `doctrine_migration_versions` (
  `version` varchar(191) COLLATE utf8_unicode_ci NOT NULL,
  `executed_at` datetime DEFAULT NULL,
  `execution_time` int(11) DEFAULT NULL,
  PRIMARY KEY (`version`)
) ENGINE=InnoDB DEFAULT CHARSET=utf8 COLLATE=utf8_unicode_ci;

INSERT INTO `doctrine_migration_versions` (`version`, `executed_at`, `execution_time`) VALUES
('DoctrineMigrations\\Version20221028114352',	'2022-10-28 15:34:05',	115),
('DoctrineMigrations\\Version20221028114654',	'2022-10-28 15:34:05',	10),
('DoctrineMigrations\\Version20221028115742',	'2022-10-28 15:34:05',	9),
('DoctrineMigrations\\Version20221028115939',	'2022-10-28 15:34:05',	8),
('DoctrineMigrations\\Version20221028133412',	'2022-10-28 15:36:14',	311),
('DoctrineMigrations\\Version20221029120312',	'2022-10-29 14:04:38',	181),
('DoctrineMigrations\\Version20221101124600',	'2022-11-01 13:46:24',	174);

SET NAMES utf8mb4;

DROP TABLE IF EXISTS `game`;
CREATE TABLE `game` (
  `id` int(11) NOT NULL AUTO_INCREMENT,
  `title` varchar(255) COLLATE utf8mb4_unicode_ci NOT NULL,
  `description` longtext COLLATE utf8mb4_unicode_ci NOT NULL,
  `has_multiplayer_mode` tinyint(1) NOT NULL,
  `picture` varchar(255) COLLATE utf8mb4_unicode_ci NOT NULL,
  PRIMARY KEY (`id`)
) ENGINE=InnoDB DEFAULT CHARSET=utf8mb4 COLLATE=utf8mb4_unicode_ci;

INSERT INTO `game` (`id`, `title`, `description`, `has_multiplayer_mode`, `picture`) VALUES
(149,	'Pokemon Violet',	'Découvrez Paldea, un vaste monde ouvert inspiré des paysages ibériques, et qui, pour la première fois dans l’histoire Pokémon, est entièrement explorable ! Plongez dans des terres baignées de soleil et regorgeant d’environnements lumineux, où cohabitent de nombreux Pokémon à attraper !',	1,	'https://assets.nintendo.com/image/upload/c_fill,w_1200/q_auto:best/f_auto/dpr_2.0/ncom/fr_CA/games/switch/p/pokemon-violet-switch/hero'),
(150,	'League of Legends',	'League of Legends est un jeu vidéo sorti en 2009 de type arène de bataille en ligne, free-to-play, développé et édité par Riot Games sur Windows et Mac OS.',	1,	'https://www.warlegend.net/wp-content/uploads/league-of-legends.jpg'),
(151,	'Elden Ring',	'Elden Ring est un jeu vidéo d\'action-RPG développé par FromSoftware et édité par Bandai Namco Entertainment, issu de la collaboration entre le créateur de jeux vidéo Hidetaka Miyazaki et l\'écrivain George R. R. Martin.',	1,	'https://static.bandainamcoent.eu/high/elden-ring/elden-ring/00-page-setup/elden-ring-new-header-mobile.jpg'),
(152,	'Fall Guys',	'Fall Guys, anciennement Fall Guys Ultimate Knockout, est un jeu vidéo de type battle royale multijoueur développé par Mediatonic.',	1,	'https://static.actugaming.net/media/2020/08/fall-guys3.jpg'),
(153,	'Among Us',	'Among Us est un jeu vidéo d\'ambiance multijoueur en ligne développé et édité par le studio InnerSloth.',	1,	'https://www.ecranlarge.com/media/cache/1600x1200/uploads/image/001/392/among-us-photo-1392507.jpg'),
(154,	'Genshin Impact',	'Genshin Impact est un jeu vidéo de type action-RPG développé par miHoYo.',	1,	'https://geekbecois.com/wp-content/uploads/2021/01/genshin-impact-2.jpg'),
(155,	'Bayonetta 3',	'Bayonetta 3 est un jeu vidéo de type beat them all développé par Platinum Games et édité par Nintendo.',	0,	'https://www.journalduweb.org/wp-content/uploads/2022/07/bayonetta-3-860x484.jpg'),
(156,	'Fortnite',	'Fortnite est un jeu en ligne développé par Epic Games sous la forme de différents modes de jeu qui partagent le même gameplay général et le même moteur de jeu.',	1,	'https://pic.clubic.com/v1/images/1957470/raw.webp?fit=smartCrop&width=1600&height=900&hash=8ebd2ae6467564dd023264a5ce8f59a564bb94cc'),
(157,	'Pokemon Unite',	'Pokémon Unite est un jeu vidéo d\'arène de bataille en ligne multijoueur développé par TiMi Studios et édité par Tencent en partenariat avec The Pokémon Company. Il est le premier jeu de combat stratégique en équipe Pokémon.',	1,	'https://fs-prod-cdn.nintendo-europe.com/media/images/10_share_images/games_15/nintendo_switch_download_software_1/H2x1_NSwitchDS_PokemonUnite_image1600w.jpg'),
(158,	'Ni No Kuni La Vengeance de la sorcière céleste',	'Ni no kuni est un jeu vidéo de rôle développé par la société japonaise Level-5 et le studio d\'animation Ghibli.',	0,	'https://assets.nintendo.com/image/upload/ar_16:9,b_auto:border,c_lpad/b_white/f_auto/q_auto/dpr_1.0/c_scale,w_700/ncom/fr_CA/games/switch/n/ni-no-kuni-wrath-of-the-white-witch-switch/hero');

DROP TABLE IF EXISTS `game_on_platform`;
CREATE TABLE `game_on_platform` (
  `id` int(11) NOT NULL AUTO_INCREMENT,
  `release_date` date NOT NULL,
  `game_id` int(11) NOT NULL,
  `platform_id` int(11) NOT NULL,
  PRIMARY KEY (`id`),
  KEY `IDX_484B24D6E48FD905` (`game_id`),
  KEY `IDX_484B24D6FFE6496F` (`platform_id`),
  CONSTRAINT `FK_484B24D6E48FD905` FOREIGN KEY (`game_id`) REFERENCES `game` (`id`),
  CONSTRAINT `FK_484B24D6FFE6496F` FOREIGN KEY (`platform_id`) REFERENCES `platform` (`id`)
) ENGINE=InnoDB DEFAULT CHARSET=utf8mb4 COLLATE=utf8mb4_unicode_ci;

INSERT INTO `game_on_platform` (`id`, `release_date`, `game_id`, `platform_id`) VALUES
(354,	'2022-02-25',	151,	148),
(355,	'2022-02-25',	151,	149),
(356,	'2022-02-25',	151,	151),
(357,	'2022-02-25',	151,	153),
(358,	'2022-02-25',	151,	154),
(359,	'2022-11-18',	149,	150),
(360,	'2009-10-27',	150,	151),
(361,	'2020-08-04',	152,	148),
(362,	'2020-08-04',	152,	149),
(363,	'2022-06-21',	152,	150),
(364,	'2022-06-21',	152,	153),
(365,	'2022-06-21',	152,	154),
(366,	'2020-08-04',	152,	151),
(367,	'2018-06-15',	153,	152),
(368,	'2018-11-16',	153,	151),
(369,	'2020-12-15',	153,	150),
(370,	'2021-12-14',	153,	148),
(371,	'2021-12-14',	153,	149),
(372,	'2021-12-14',	153,	153),
(373,	'2021-12-14',	153,	154),
(374,	'2020-09-28',	154,	148),
(375,	'2020-09-28',	154,	151),
(376,	'2020-09-28',	154,	152),
(377,	'2021-04-28',	154,	149),
(378,	'2022-10-28',	155,	150),
(379,	'2017-07-21',	156,	148),
(380,	'2017-07-21',	156,	150),
(381,	'2017-07-21',	156,	151),
(382,	'2017-07-21',	156,	152),
(383,	'2017-07-21',	156,	153),
(384,	'2020-11-19',	156,	149),
(385,	'2020-11-10',	156,	154),
(386,	'2021-07-21',	157,	150),
(387,	'2021-07-21',	157,	152),
(388,	'2019-09-20',	158,	148),
(389,	'2019-09-20',	158,	150),
(390,	'2019-09-20',	158,	151),
(391,	'2022-09-15',	158,	153);

DROP TABLE IF EXISTS `messenger_messages`;
CREATE TABLE `messenger_messages` (
  `id` bigint(20) NOT NULL AUTO_INCREMENT,
  `body` longtext COLLATE utf8mb4_unicode_ci NOT NULL,
  `headers` longtext COLLATE utf8mb4_unicode_ci NOT NULL,
  `queue_name` varchar(190) COLLATE utf8mb4_unicode_ci NOT NULL,
  `created_at` datetime NOT NULL,
  `available_at` datetime NOT NULL,
  `delivered_at` datetime DEFAULT NULL,
  PRIMARY KEY (`id`),
  KEY `IDX_75EA56E0FB7336F0` (`queue_name`),
  KEY `IDX_75EA56E0E3BD61CE` (`available_at`),
  KEY `IDX_75EA56E016BA31DB` (`delivered_at`)
) ENGINE=InnoDB DEFAULT CHARSET=utf8mb4 COLLATE=utf8mb4_unicode_ci;


DROP TABLE IF EXISTS `platform`;
CREATE TABLE `platform` (
  `id` int(11) NOT NULL AUTO_INCREMENT,
  `name` varchar(255) COLLATE utf8mb4_unicode_ci NOT NULL,
  PRIMARY KEY (`id`)
) ENGINE=InnoDB DEFAULT CHARSET=utf8mb4 COLLATE=utf8mb4_unicode_ci;

INSERT INTO `platform` (`id`, `name`) VALUES
(148,	'Playstation 4'),
(149,	'Playstation 5'),
(150,	'Nintendo Switch'),
(151,	'PC'),
(152,	'Mobile'),
(153,	'Xbox One'),
(154,	'Xbox Series X');

DROP TABLE IF EXISTS `player`;
CREATE TABLE `player` (
  `id` int(11) NOT NULL AUTO_INCREMENT,
  `nickname` varchar(255) COLLATE utf8mb4_unicode_ci NOT NULL,
  `email` varchar(255) COLLATE utf8mb4_unicode_ci NOT NULL,
  `password` varchar(255) COLLATE utf8mb4_unicode_ci NOT NULL,
  `available` tinyint(1) NOT NULL,
  `discord_tag` varchar(255) COLLATE utf8mb4_unicode_ci NOT NULL,
  PRIMARY KEY (`id`)
) ENGINE=InnoDB DEFAULT CHARSET=utf8mb4 COLLATE=utf8mb4_unicode_ci;

INSERT INTO `player` (`id`, `nickname`, `email`, `password`, `available`, `discord_tag`) VALUES
(454,	'monty93',	'sstroman@example.net',	'hvY2Z^@FxLpH>?R4Us',	0,	'aibj27yO#1791'),
(455,	'egoldner',	'carter.stephanie@example.org',	'@{XLk><a.>40G|',	1,	'vstcxN4E#5508'),
(456,	'vandervort.maynard',	'alvena.mann@example.org',	'qzXf=6tSGzbOWS%',	0,	'gxD9kHGc#8411'),
(457,	'nienow.sarai',	'qgutmann@example.org',	']A7:BugV,{\"_OD\'+j',	1,	'DZXvwGOk#7923'),
(458,	'mmueller',	'brempel@example.net',	'T!xnR-f&mb',	0,	'Py6DseHK#9608'),
(459,	'reinger.orval',	'kennith.marks@example.net',	'UC|2lc6d2ZEIr8',	1,	'n7JHEC54#2267'),
(460,	'axel.roberts',	'vroberts@example.net',	'H\\#yp9',	0,	'90GJvBV6#0516'),
(461,	'ora.rodriguez',	'mhartmann@example.net',	'xh[4Dx4',	1,	'Q4y1y6ok#5896'),
(462,	'halvorson.hector',	'kgislason@example.net',	'FzwJ4(',	0,	'eKY9ci6y#9363'),
(463,	'blittel',	'idare@example.net',	'nt`P-tmLAdy]H',	0,	'5CcbcoMa#7149'),
(464,	'shyann.davis',	'carole19@example.net',	'Zzz|Wy`F(I~,',	1,	'5YJ0Nkan#3234'),
(465,	'tosinski',	'julio63@example.org',	'G}FL>sDJI',	1,	'yRk_VNy8#1912'),
(466,	'denesik.anjali',	'karolann.lynch@example.net',	'V\'LmAByi[c(h}%2;m.sw',	0,	'edGVhwJZ#1619'),
(467,	'jamar69',	'eabbott@example.org',	'HvpEiVC+:Ue=\\dq`',	1,	'Pung7umi#7933'),
(468,	'olson.garrison',	'mstamm@example.com',	'&\"/A;m=?O6~=QwO9+',	1,	'8GTrO888#1606'),
(469,	'Sora',	'randy.venant@gmail.com',	'&XTYFfdIWgw#V*e-2',	1,	'FCxUvhBb#2922'),
(470,	'Bgdu92',	'bgdu92@gmail.com',	'Q0ySm]PdT;%{U5#k@?u',	1,	'BoiN8edv#9398'),
(471,	'Solaire',	'NathanSoleil@gmail.com',	'DS>if!UVl`p[`*',	1,	'BOEKYtbE#3117'),
(472,	'StuckInGold4Life',	'Support@gmail.com',	'QV,P(\'_y/+B',	1,	'mfqNwNag#5054'),
(473,	'Coren',	'tin@gmail.com',	'r|ZR=A|b,R.a}BzDe',	0,	'8BbynE0Y#9382'),
(474,	'Quen',	'tinBis@gmail.com',	'J7Al\":PWfBv',	0,	'2VoY4NH6#8677');

DROP TABLE IF EXISTS `player_owns_gameonplatform`;
CREATE TABLE `player_owns_gameonplatform` (
  `player_id` int(11) NOT NULL,
  `game_on_platform_id` int(11) NOT NULL,
  PRIMARY KEY (`player_id`,`game_on_platform_id`),
  KEY `IDX_615145E499E6F5DF` (`player_id`),
  KEY `IDX_615145E4FFA3F544` (`game_on_platform_id`),
  CONSTRAINT `FK_615145E499E6F5DF` FOREIGN KEY (`player_id`) REFERENCES `player` (`id`) ON DELETE CASCADE,
  CONSTRAINT `FK_615145E4FFA3F544` FOREIGN KEY (`game_on_platform_id`) REFERENCES `game_on_platform` (`id`) ON DELETE CASCADE
) ENGINE=InnoDB DEFAULT CHARSET=utf8mb4 COLLATE=utf8mb4_unicode_ci;

INSERT INTO `player_owns_gameonplatform` (`player_id`, `game_on_platform_id`) VALUES
(454,	357),
(454,	373),
(454,	379),
(454,	380),
(454,	387),
(455,	357),
(455,	358),
(455,	365),
(455,	381),
(456,	361),
(456,	374),
(456,	377),
(456,	385),
(457,	354),
(457,	359),
(457,	371),
(457,	375),
(457,	379),
(458,	357),
(458,	359),
(458,	372),
(458,	382),
(458,	391),
(459,	355),
(459,	358),
(459,	367),
(459,	375),
(459,	391),
(460,	363),
(460,	366),
(460,	371),
(460,	374),
(460,	375),
(461,	363),
(461,	379),
(461,	381),
(461,	382),
(461,	389),
(462,	355),
(462,	378),
(462,	385),
(462,	387),
(463,	356),
(463,	369),
(463,	376),
(463,	379),
(463,	391),
(464,	355),
(464,	359),
(464,	365),
(464,	382),
(464,	389),
(465,	364),
(465,	366),
(465,	373),
(465,	382),
(465,	391),
(466,	362),
(466,	374),
(466,	381),
(466,	388),
(467,	359),
(467,	367),
(467,	368),
(467,	385),
(467,	387),
(468,	361),
(468,	368),
(468,	369),
(468,	390),
(468,	391),
(469,	354),
(469,	356),
(469,	359),
(469,	361),
(469,	362),
(469,	390),
(470,	358),
(470,	359),
(470,	370),
(470,	371),
(470,	375),
(470,	382),
(470,	390),
(471,	354),
(471,	355),
(471,	367),
(471,	387),
(472,	372),
(472,	375),
(472,	377),
(472,	378),
(473,	357),
(473,	381),
(473,	382),
(473,	384),
(474,	359),
(474,	362),
(474,	375),
(474,	388);

DROP TABLE IF EXISTS `player_wantstoplay_gameonplatform`;
CREATE TABLE `player_wantstoplay_gameonplatform` (
  `player_id` int(11) NOT NULL,
  `game_on_platform_id` int(11) NOT NULL,
  PRIMARY KEY (`player_id`,`game_on_platform_id`),
  KEY `IDX_D52183B99E6F5DF` (`player_id`),
  KEY `IDX_D52183BFFA3F544` (`game_on_platform_id`),
  CONSTRAINT `FK_D52183B99E6F5DF` FOREIGN KEY (`player_id`) REFERENCES `player` (`id`) ON DELETE CASCADE,
  CONSTRAINT `FK_D52183BFFA3F544` FOREIGN KEY (`game_on_platform_id`) REFERENCES `game_on_platform` (`id`) ON DELETE CASCADE
) ENGINE=InnoDB DEFAULT CHARSET=utf8mb4 COLLATE=utf8mb4_unicode_ci;

INSERT INTO `player_wantstoplay_gameonplatform` (`player_id`, `game_on_platform_id`) VALUES
(454,	360),
(454,	385),
(454,	386),
(454,	387),
(454,	388),
(455,	354),
(455,	357),
(455,	366),
(455,	373),
(455,	388),
(456,	367),
(456,	375),
(456,	378),
(456,	389),
(457,	357),
(457,	365),
(457,	371),
(457,	378),
(457,	387),
(458,	355),
(458,	362),
(458,	364),
(458,	371),
(459,	355),
(459,	356),
(459,	367),
(459,	375),
(459,	380),
(460,	354),
(460,	369),
(460,	377),
(460,	386),
(460,	388),
(461,	357),
(461,	360),
(461,	362),
(461,	373),
(461,	381),
(462,	356),
(462,	359),
(462,	365),
(462,	372),
(462,	391),
(463,	362),
(463,	363),
(463,	375),
(463,	384),
(463,	386),
(464,	357),
(464,	361),
(464,	380),
(464,	382),
(464,	386),
(465,	365),
(465,	374),
(465,	386),
(466,	358),
(466,	362),
(466,	365),
(466,	380),
(466,	391),
(467,	354),
(467,	361),
(467,	364),
(467,	377),
(467,	386),
(468,	354),
(468,	374),
(468,	376),
(468,	391),
(469,	354),
(469,	390),
(470,	358),
(470,	359),
(470,	370),
(470,	371),
(470,	375),
(470,	382),
(470,	390),
(471,	354),
(471,	355),
(472,	354),
(472,	367),
(472,	387),
(473,	357),
(473,	382),
(473,	384),
(474,	375);

-- 2022-11-02 10:43:42